seller_id,sum(price)
0015a82c2db000af6aaaf3ae2ecb0532,2685
001cca7ae9ae17fb1caed9dfb1094831,25080.029975891113
001e6ad469a905060d959994f1b41e4f,250
002100f778ceb8431b7a1020ff7ab48f,1234.4999809265137
003554e2dce176b5555353e4f3555ac8,120
004c9cd9d87a3c30c522c48c4fc07416,19712.710006713867
00720abe85ba0859807595bbf045a33b,1007.5000019073486
00ab3eff1b5192e5f1a63bcecfee11c8,98
00d8b143d12632bad99c0ad66ad52825,86
00ee68308b45bc5e2660cd833c3f81cc,20260
00fc707aaaad2d31347cf883cd2dfe10,12684.900016784668
010543a62bd80aa422851e79a3bc7540,1416
010da0602d7774602cd1b3f5fb7b709e,849.4999694824219
011b0eaba87386a2ae96a7d32bb531d1,99.9800033569336
01266d4c46afa519678d16a8b683d325,90.25000095367432
013900e863eace745d3ec7614cab5b1a,1619.6999969482422
014c0679dd340a0e338872e7ec85666a,7058
014d9a685fd57276679edd00e07089e5,729.879997253418
0176f73cc1195f367f7b32db1e5b3aa8,4733.09992980957
01bcc9d254a0143f0ce9791b960b2a47,1521.2099838256836
01c97ebb5cdac52891c0ed1c37ba0012,577.4999980926514
01cf7e3d21494c41fb86034f2e714fa1,9729.36001586914
01ed254b9ff8407dfb9d99ba1e17d923,1465.9899978637695
01fd077212124329bac32490e8ef80d9,1208
01fdefa7697d26ad920e9e0346d4bd1b,14921.430118560791
0241d4d5d36f10f80c644447315af0bd,31397.700103759766
0249d282d911d23cb8b869ab49c99f53,393
024b564ae893ce8e9bfa02c10a401ece,706.4000091552734
028872bfa080090a9d0abd4f1af168f8,70.5
02a2272692e13558373c66db98f05e2e,54.97999954223633
02b72cdeb9cfcc429f1af6f4e3f3b737,522.6499938964844
02c988090b766852e088c69d7fb3b551,1618.6499786376953
02d35243ea2e497335cd0f076b45675d,5794
02dcd3e8e25bee036e32512bcf175493,1491.8999938964844
02ecc2a19303f05e59ce133fd923fff7,5264.189979553223
02f5837340d7eb4f653d676c7256523a,3883.050079345703
02f623a8eb246f3c5f7c2f96462654e6,6378
0307f7565ff85b299b6e5ef162b1b1a9,4728.799999237061
0336182e1b3e92f029d5354832045fdf,29.799999237060547
034b9387752bfa309f350a70cd45ffa3,96
038b75b729c8a9a04b0d07cba7eabe86,467
039b29ff3b3473435d0cd59040575de9,114.89999866485596
039e6ad9dae79614493083e241147386,12925
03a2a6dcbe45d639c4dc2a0d24769c40,1078.4100036621094
03bd479e1d9484cdb14104d3023f7321,359.7000045776367
0417b067eeab773d2f7061a726dc477f,1859.1799926757812
042573af89b6d931f672efaf789d8358,413.4800109863281
04308b1ee57b6625f47df1d56f00eedf,60130.60193634033
0432ead42b6c8a0bdf68154add917fdf,7792.100120544434
044668ccd5316b12a7cf0d54a156e3e9,137.8000030517578
04843805947f0fc584fc1969b6e50fe7,1400
048c2757535328e0d7dac690ad3c0aae,9264.779792785645
04aa0a1c5ce6b222003403a3e11c3cc0,5518
04aba03279157f6d4e0fe8ccaf21963c,2575.8999938964844
04e38a233f726ef161074ab1c9b0399a,1352.200002670288
04ee0ec01589969663ba5967c0e0bdc0,289.489990234375
04fdea0c111866e6cf812f1570d6b5bd,1055
0509040ea3fe50071181bbc359eb7738,3737.949987411499
052577151711aec5c744fe12e66db3e1,2748
054694fa03fe82cec4b7551487331d74,9983.100006103516
056b4ada5bbc2c50cc7842547dda6b51,12333.390235900879
0570350b23eda5444f8d1d9544932058,626.9000129699707
05730013efda596306417c3b09302475,952
058cb5aeb36d7c0fcae20fc85d5e0a59,1328
058fd0aa2bfdb2274e05e1ae971dabb6,7667.89998626709
05a48cc8859962767935ab9087417fbb,42.900001525878906
05a940b4ecae36cadfd8e93bd9c43257,951.9999961853027
05aebce0b5c8f0d41b29b686f2d05fd3,74.9900016784668
05ca864204d09595ae591b93ea9cf93d,179.89999389648438
05d2173d43ea568aa0540eba70d2ca76,5759.660006523132
05e107217c7266362fd44b75b2cd4cc4,193.3799991607666
05f51e13da97139648b8125c31e5f51b,13769.009803771973
05feb94f19d094d4b0f9281f0b1d4c99,9353
05ff92fedb5be47920fea08e501238b9,21992.78016281128
062c325cd6a2b87845fab56b4ec2eeae,133.21999740600586
062ce95fa2ad4dfaedfc79260130565f,7520.999885559082
06532f10282704ef4c69168b914b77be,10220.5
06579cb253ecd5a3a12a9e6eb6bf8f47,4727.200090408325
066a6914e1ebf3ea95a216c73a986b91,9410.379956245422
0691148aee60ca47977c187804f935ae,5868.510061264038
0692610d8abe24f287e9fae90ea0bbee,173.9900016784668
06a2c3af7b3aee5d69171b0e14f0ee87,36408.949378967285
06bb3a2fe5e7b7a845b13e8fb91bd944,1536.1899871826172
06df0c10d34e459d9672bc77388742eb,9070
06e5eefc71ec47ae763c5c6f8db7064f,22188.55992126465
07017df32dc5f2f1d2801e579548d620,946.4900131225586
070d165398b553f3b4b851c216b8a358,3393.160015106201
0725b8c0f3f906e58f70cbe76b7c748c,2190.300003051758
0743a0239d764b9a0f959a57d07e36ab,336.9599952697754
0747d5bb69f0586cc869d8af4c50f93e,346.600004196167
0761743cbffb25d7148189e9f1a5f03a,241.19999885559082
077c5fae4bea9500e3737b16f71b9d3a,106.79999828338623
0791d9fc1e30678ecf03d3e55fa108d3,842
079d295dcbf06ee8bb1b65ba964eb2b6,349.29999923706055
07a9bc7f61396b658ddf3ac534efe44c,119.9000015258789
07bf9669d84d1f11be443a9dd938f698,1776
07d75e33f2750d97d467fb57e4dfdd8a,722.4000244140625
07de60b03d150fb3ea09eab5da5e4c8b,719.1000137329102
07e8e8fc5222bb358e6f259da3197074,51.79999923706055
080102cd0a76b09e0dcf55fcacc60e05,5716.780090808868
080199a181c46c657dc5aa235411be3b,14504.200424194336
08061dc0fc165ed41288cc7acde738ee,123.80000019073486
08084d990eb3f53af056ccbc1730c8a7,372.50000190734863
081acf3de680d554796c9cf041be7bc2,1597.3000202178955
082e0bf4cb865a6533b1e8e498cc0255,2073.3000106811523
085f6f7e049c996695fb2074fe38d45e,305.399995803833
08633c14ef2db992c11f840f04fad4cd,7644.300037384033
0873d9f8f36123f8d910f4760e788cfb,7265.590087890625
0885aaf116795758dfeb5f1032487bcd,2648.000011444092
0887a9f087bcd5d9f6642b52f897fc6c,1642
08ad4ac1388e4420ca531c3edfc46198,221.61999702453613
08cdbae123ff67ca4e36d9d641ce0119,3098.989990234375
08d0949a9a17c027262db1f3c450c26c,324.8000011444092
08d1c9478fb0d7d7fcac9c0da4e82fc7,538
08d2d642cf72b622b14dde1d2f5eb2f5,913.9999980926514
08f5819815f3d06545011850bd70f0a8,452
091065b789659bc3cd9af9cb3a6253ff,1359
0936e1837d0c79253456bbb2ffaaef10,38.900001525878906
093805f8f2aeb63881444571e1f48f30,1215.7900085449219
094ced053e257ae8cae57205592d6712,1519.1999740600586
0951a6e282947e09cd47969f4ed0b47f,492.30001068115234
09883d9ab71c8fe8a9bfc7fc3075b07e,329.50000762939453
099095b050cfe8eb1ddff5317587e96e,5193.8299560546875
09bad886111255c5b5030314fc7f1a4a,487.5
09f952a5f58d2285b0372551ae8f9b01,11821.499969482422
0a198e95d32b1be2da9424c962a6ebfa,69.98999786376953
0a82f5fb06a4fe4ac2cf7cb412ec71b8,462
0a85ebe4e328db81ac9109781205e2f7,667.9000015258789
0aa124728afc1131dff5655f4c6f487b,850.9199981689453
0aa2205ca24f113f4658a5c536667426,815.6199798583984
0ac4201fda2c68ebc0e47cb9423cf3c9,1676.8800201416016
0ad80de75c811326389cfb1daba7d45e,1449.3999633789062
0adac9fbd9a2b63cccaac4f8756c1ca8,15960.949977397919
0ade5cc4a305ed7093a23f68ca47519c,158.87999725341797
0aea4c6ae1505b3228ddf3dd7822ee5b,1427.910041809082
0af2ab31141893d26aca5a404a537dab,59
0af977692321d895349eded183341d28,257.75
0afccdb8a34ee5c79f7c06faf2b4d56e,1225.5000381469727
0b09101900100c0e9d312861fad5a1b9,153.75
0b0ddbc7b9d9584f442c7ac92b0ff6c9,1416.7599792480469
0b18d63d0cd1d723567903fd34a07df2,1678.1399593353271
0b1ca3ef18a63d7eb0c8897fa0849c08,55
0b35c634521043bf4b47e21547b99ab5,13533.650016784668
0b36063d5818f81ccb94b54adfaebbf5,765
0b3f27369a4d8df98f7eb91077e438ac,146.5099983215332
0b46f784306be7200ca1700aa55d819f,19.899999618530273
0b64bcdb0784abc139af04077d49a20e,137.600004196167
0b90b6df587eb83608a64ea8b390cf07,28592.320064544678
0bae85eb84b9fb3bd773911e89288d54,7482.210041046143
0bb27263628258b8111a0262769fa9db,22.200000762939453
0bb738e4d789e63e2267697c42d35a2d,2388.30002784729
0be8ff43f22e456b4e0371b2245e4d01,11805.500079154968
0bebbb2cea103a4a020c95d43fd7d754,1367.1999740600586
0bf0150d5b9d60d9cd2906003332f085,5774.600051879883
0bfd0b434243adc5c2e1aa6baf19c6aa,371.2000026702881
0c7533c71df861ec58ad7ff999ed0e8d,2989.300064563751
0c7f30ae9b147eca07affbef92832a6a,479.49999237060547
0c8380b62e38e8a1e6adbeba7eb9688c,17348.790086746216
0cab2da43793a6f3c5ed8514c5f54627,309.7000045776367
0cbcee27c791afa0cdcb08587a2013a8,5324.150001525879
0d33a55da925bbf1ff02af5f6059fc7f,547.3000011444092
0d4c8269e7f0401201794deef160edd6,792.6400146484375
0d83f8e03188682112cc0d93523705cc,696.2600173950195
0d85bbda9889ce1f7e63778d24f346eb,4845.2000522613525
0daf5180aa44356f60f8effa533b55a2,144.8000030517578
0db783cfcd3b73998abc6e10e59a102f,9077.40005493164
0dd184061fb0eaa7ca37932c68ab91c5,18446.920013427734
0ddefe3c7a032b91f4e25b9c3a08fca1,402.90000915527344
0df3984f9dfb3d49ac6366acbd3bbb85,10021.489929199219
0dfbed20065e425d2eaefb101f9816c0,84.35000228881836
0e44d110fa6a54e121cb2c095a77762f,223.31999588012695
0e72c1a751b496722a6cb1f10653b62a,140.8000030517578
0e982cff76cc0579f632cea8a0e38c9d,1307.3399848937988
0ea22c1cfbdc755f86b9b54b39c16043,10711.700204849243
0eaa7e33d73809f1f925f7d07c506cbd,1552
0ebd97a106433a45a4aebe57c1799778,3046.7999954223633
0ec28cec4046a4a199b6de9b4c891d97,296.5999984741211
0ed6ce5d87fd9c69eaacaeb778d67235,2141.4200115203857
0ee4fb99ac55ffbbc98795aa01b7f8fa,59.900001525878906
0ef83d7d83ed97cd2a0049ac8be5f88a,4421.010005950928
0f0c984a4a955310903b6b6008660bad,369.8100051879883
0f519b0d2e5eb2227c93dd25038bfc01,79.9000015258789
0f7eea709efdf942b5f95c7516dbacd7,195.73999786376953
0f80a40c312b2472dca482cf50f5186f,129.89999389648438
0f94588695d71662beec8d883ffacf09,9
0fe2d9733ed841eb064503920015a8c0,389.64001083374023
0ff83046c3fa22efee8ecf291888b191,768.900016784668
0ffa40d54288e4f3499b8780dd0f144f,2162.800001144409
10076e5788b8ee532724bcd460baf762,821.4799976348877
10089e9f2fd0c668a8fd4e52e1698888,1139.8999938964844
101921376b577a4540dc30e9009133ca,373
101a3a003516bc11253298b2fad3cb65,450
1025f0e2d44d7041d6cf58b6550e0bfa,138968.55053710938
10264f60a8f0a4d2f30810f5c661c673,284.6000061035156
1099a00e0ee3a50935e6c2447ca090c5,849.6999816894531
10cdd491d1dbea8fb4ead97b19c334ce,208.89999961853027
10ff823eda2b032e2c93d17a7d294736,1294.9700012207031
112453736dbe3889cfb74e1aaa0ba0c1,1890
1127b7f2594683f2510f1c2c834a486b,6851.32997751236
11305281b50fff20ae8bb473f8e11876,6528.700050354004
113e3a788b935f48aad63e1c41dac1bd,847.3500065803528
116ccb1a1604bc88e4d234a8c23f33de,2004.890001296997
11742f81550ac064cc9a40f67151d9ad,781.8999938964844
117cfc326c6d50da67ca858ff5c0c852,454.6000061035156
11938fcc75f6902fea1d0a6f72b54a57,594.9799957275391
119c7f1a00ef43fad0e57604e76a747c,189.79999542236328
119d1aef1b4144adba89163f6cd9f5d4,1094
11bfa66332777660bd0640ee84d47006,3925.870023727417
11d4c477d09821164bca4f70a2eae031,83.04000091552734
11eac105f3f90a9b87b19c89d91e24f3,802.8899917602539
11fb6f6d341adbe19e81733701704635,1197
120476eb7a04c149d14772edaf5d9bf2,2368.7999954223633
1284de4ae8aa26997e748c851557cf0e,1459.969970703125
128639473a139ac0f3e5f5ade55873a5,11908.849816799164
128f9bfbe4c7d5185033914b1de3d39a,1277.2900037765503
12a8eb0f8d1cd3270695bf2a99f55966,397
12b9676b00f60f3b700e83af21824c0e,26774
12c2ed9cded6138cf0c75f525f565fc7,314.95999336242676
13074f016982ff2bd6c58ced8682f000,2116
131fcb0a0c9a47bba4474aacff0f14b7,369.8000030517578
1336efc61c316ddf92c899eb817f7cae,4837.309978485107
134285d1f41da5c13a756ee8142c8a4e,1572.6999816894531
134a288e7de827ec5ec62e3ec9c3a295,877.4500122070312
134b867a0f7f8bbe6abf10f91874891e,789.8900146484375
13511db12ac61e2f89c53b72a944a60b,798
1352e06ae67b410cdae0b2a22361167b,696
1354d51653f645349064725ed204e85e,2410
138dbe45fc62f1e244378131a6801526,1125.560004234314
139157dd4daa45c25b0807ffff348363,29.899999618530273
13c2ed7698b3ca92dad49e849219da59,498.6100044250488
13d058e4eeac2ce8217660b2f8a05812,3829.7700424194336
13d95f0f6f73943d4ceffad0fc2cd32c,249.99000549316406
13dd308f81fea30cc670c656b2b46cc3,117.70000457763672
13e85aac53340018b40c2af68001b7e0,17.799999237060547
13f57c12a00ed4610db646b913a7f5c6,645.2000045776367
13fa2a6c6b9d0f43cb588d7c82117a12,4528
141440cad9341e553f8401c574a2aa38,1288.2000045776367
1430239a858e7682bbc43b20758af153,660.7900085449219
1444c08e64d55fb3c25f0f09c07ffcf2,2749
1464afc72f696af775557a821c2e253f,1059.3600215911865
14a08204d03bb6b6bde8029f801ae0eb,2185.400005340576
14d7985702e72162bbf13b6beb74ab2b,3887
14ee35374a7876217954b5fa08e50463,809
14f2b3587172b9db894c9bad8dab520b,244
152ee17e4c8aaf53dac99f3462e4999b,308.96000480651855
154bdf805377afea75a3bd158e9eab10,89.9000015258789
1554a68530182680ad5c8b042c3ab563,29052.529832839966
157c3e4b42f81ac4a44e8b1ca2fe9876,2548.5
1588ac4010787100dddef64568f0ae35,599.9700164794922
15aac934c58d886785ac1b17953ea898,4353.899993896484
15ac3c501e2599e4917316fde5c5669a,144.1999969482422
15aec03fe4cf30dfa574cf550f5ff5ff,28.899999618530273
15b3b1b81484422eb41df68ac87f1f50,78.3499984741211
15cd6eefe58588619aaed41dfa6621b1,1622.7400436401367
15ead3a5037a918ddb520dfe39a3d2b9,275.5
15fa791d5e017f66402dc28c44480657,1802
160851d3ece7aa1a510f8d1a4bb8a8af,102.05000305175781
16090f2ca825584b5a147ab24aa30c86,25716.439960479736
160e4f13fd3a64b1b86807be88b5ffb0,886
164a5a8794e6d42e14f55e447b12a3bc,73.98999786376953
165b1235e9e9942cb5fae67103576fb0,2085.1499977111816
165fc07beebdcb6190fba8a06db2a449,17481.400016784668
1660ad786c27fd935378b6192a90b417,1570
166e8f1381e09651983c38b1f6f91c11,78.80000305175781
167fd940acebc789debd6eb418c46e38,1077.5799922943115
1690cada046eb7e92c12f98b1f8a8167,1959
16bdc8cefd0e32a6f0824d296c5ad14a,41.7599983215332
1703bc09972dab9782e7a9194943b69f,249.89999389648438
1710c3aaa9c6b44ec3883ee0fe300e21,1188.8999938964844
17306570e772e7718c92a562d33f5f1d,9669.79997253418
173d56ffbd4c56cb80fc3615487d712b,358
1746c1ae87ac63d530c7c943d0ac42e2,229.89999389648438
1771297ac436903d1dd6b0e9279aa505,2881.2700157165527
1782ce2db72c3dda627d5e7c898104e1,2010.8000030517578
17908cf9b444ee34047cadd5c0f4a516,1993.989990234375
17998cf586426bf0f2c3726cb0a4b211,69.80000114440918
179d859f51292aac5c10806a356f7af9,404.4699993133545
17a053fcb14bd219540cbde0df490be0,40703.13912963867
17adeba047385fb0c67d8e90b4296d21,809.6999816894531
17ca9b9e9b9ef8fdb529001b49ebb50f,9754.830118179321
17e34d8224d27a541263c4c64b11a56b,56363.24011039734
17eea220a40cc0d2c0c5346379682398,1414.97998046875
17f51e7198701186712e53a39c564617,48019
180c3376aff0e43dd5788709df48a843,4513
1835b56ce799e6a4dc4eddc053f04066,33344.21045875549
1838dd9b8977065acf51d95e0053ea7a,2820.300033569336
184725737946a1a938bbbd1a9e978103,359.7000045776367
184a67a8f9f63234d3a92340bbdb727f,268.660005569458
186cdd1b2df32caa72cfb410bba768d3,1341.4500274658203
189ca3538ce9f920cacf0f982cbe223b,419
18a349e75d307f4b4cc646a691ed4216,8711.53000497818
18e694e0e48ed6f7aa3f24aade5fd697,701.5399894714355
1900267e848ceeba8fa32d80c1a5f5a8,24982.530212402344
191d55f7edb8524d525ed01b20fe32e8,747
1927cdb9fa74f5270097f6250e8e8f34,120
19484c79cef6c062cb177aa4ef2fcc3c,201.89999389648438
1961c3e1272bfeceb05d0b78b5bbfdaf,896
1967a9e2ad6f51802b093147d861df58,380
1976a05ecf2996d6ffb7b5430e635fe7,1796.1999702453613
1987cd4be10fe09ee50454f9c354d1c6,2877.6999893188477
198c7ea11960a9844b544d9bcdca860c,1733.7500553131104
1992f8fb6b19fcccd97ca819811e7267,28.799999237060547
1996942dc085d7773ba77a529b163cd0,2943.510009765625
19a7c9f66ffa6452ff4b4c0cca71da27,279
19d62d484cba71963c93f0f00ab42013,139.89999389648438
19e0f40a907ec568c34bfac15de4f4a1,178
1a3df491d1c4f1589fc2b934ada68bf2,23302.699279785156
1a6245add4353f18ed55138808906979,30
1a8e2d9c38b84a9702ac7922924b0573,80
1a932caad4f9d804097d7f8e615baed1,4661
1acde099eb406aa220b1169b188b42da,311.09999656677246
1b0b0f4f95e962d6f32fe90c759d0479,139.8000030517578
1b1ae47a313a825a7ccceb8e2e30fa9d,2243.89998626709
1b45169b635ef59425637e9a33eb5fb3,308.9000015258789
1b4b28463457a256e9a784ebe2a8f630,699.4199829101562
1b4c3a6f53068f0b6944d2d005c9fc89,14760.299835205078
1b61fb1f0f2185d89e9a126c498e9cc7,49.70000076293945
1b65c144b17e607c0f37f10bb7dfec8d,1109.4999694824219
1b7e5006cb25dd23ce8686691013b121,2636.7399673461914
1b8356dabde1d35e17cef975c3f82730,3426.390027999878
1b8b75e227c9a9c100d0c210fb6176ce,1914.8300304412842
1b938a7ec6ac5061a66a3766e0e75f90,3987.6000595092773
1bb2bdb95f4841f1bba2c0d2cd83d3c9,5002.710110664368
1bb3812d5f0747a3ab7348f199001a10,834.4000015258789
1bc2e21de46adfea6b98cc96b00f3b40,1039.9500274658203
1c129092bf23f28a5930387c980c0dfc,9553.620277404785
1c40343cc5d18c2d8248ac2f3366de34,2461.409984588623
1c56ffe0e9dea2657fc6e95b53f40b13,183
1c5e4e49b9079480255b49d50aac1aa9,10173.109939575195
1c68394e931a64f90ea236c5ea590300,24832.75009536743
1c742ac33582852aaf3bcfbf5893abcf,97.9000015258789
1c83418358f249c9d6affa52d579db0e,24.899999618530273
1ca4bdb0cd7fc48e949bac066188ed26,1520
1ca7077d890b907f89be8c954a02686a,13341.57000541687
1caf283236cd69af44cbc09a0a1e7d32,917.5999879837036
1cbcd2ee0afb3fc09963b87eb65e7e4f,90
1cbd32d00d01bb8087a5eb088612fd9c,1045.4700088500977
1cbd50a8c52e6cf8e315c5709fab386f,785.9699878692627
1cbdc7cf130a41fd13a3c2a7d2fcfda7,165.8000030517578
1cd9e0cc1839d55516843def5600816d,825
1ce3ae5a399804d1a87e706f8a813c3e,2563.0000400543213
1d0646a72178a6fb37ee8082140e06ec,61
1d0997ff06b524ce9289ffd75114ecd3,3747
1d139e3a3b14025640d8df1b230aace0,36.49000024795532
1d1bbb8ac1581824986f582583fff01d,166.88000106811523
1d2732ef8321502ee8488e8bed1ab8cd,1148
1d29dfba02015238dfbe2449a5eaa361,612.8000183105469
1d4587203296c8f4ad134dc286fa6db0,2323.300003051758
1d503743d2526f03f0c2c89540ee008c,516.0400047302246
1d8dbc4f32378d715c717c1c1fc57bae,11315.8900680542
1d953075c2f0dd990bacf27b83b330f1,59
1da366cade6d8276e7d8beea7af5d4bf,6917.590103149414
1da3aeb70d7989d1e6d9b0e887f97c23,8823.520038604736
1dc2de47ee26a0a5b12dc14fd6dc0dea,1670.3000411987305
1dcfa3835714681d4ba4a93bc1e0fd41,1278.5000228881836
1dd33b8119b3cb1056ed5dc88cd0aaf4,1513
1de62b6f2fd96227629786db492433db,208.79999542236328
1dfe5347016252a7884b694d4f10f5c4,1693.5
1e26c56af8d48424e1df0140a2401f83,258.9000015258789
1e47d8b6546eb3a77b1acddcc9406242,149.89999389648438
1e47defeeadeca0e9a18fa5a9311e735,234.1200065612793
1e483cc5c76fef08d3ca05f9a8af7d01,171.99000549316406
1e8b33f18b4f7598d87f5cbee2282cc2,17309.05966949463
1e8c6a4c538f286aee9573239740a4b4,359.6999969482422
1e9d5a33694bddb76316fd1f54734d20,318
1eade46fba20122dc4aefb379f8c636b,3635.3699836730957
1f1bb1f0859883505541bdd6606193e5,16040.839950561523
1f2eebc0e970fd3c463e4f5d9652687a,44.9900016784668
1f50f920176fa81dab994f9023523100,106939.21239089966
1f7dfad2cb384ea4d2d7e1ffbd78c407,49
1f7fd2a6fcd5a6fa5d8a4dabc72aaae0,531.7999877929688
1f867308a0ce13133a4e639ff4de0c02,875.0999927520752
1f9ab4708f3056ede07124aad39a2554,13602.72964477539
1fa2d3def6adfa70e58c276bb64fe5bb,6.900000095367432
1fbe10c70e30765ed1de86d9f7e98409,98.75000047683716
1fdc574883ef3b33ad41562d93f3a74a,4251
1fddcb7b326905d3ad5efe82187db347,92
1fe5540d7c1c37a595fefbacd5570d9e,4537.599914550781
1fe61aa5494bd3ae92a2c13e067c810f,537.760009765625
2009a095de2a2a41626f6c6d7722678d,388.89001274108887
2039c5e51785b5dde7cf93ccb3b7be2c,159.89999389648438
204b4e07bddef3c9b317f70189135b22,73.4000015258789
2059c39f76271d4ca3f15b5ffaccc8b8,604.900016784668
20611af7866c6068fd5ae1f9dbe15c92,219.8000030517578
2063dd1b9f568df1c16741ea7d3e6adb,763.0999908447266
2075d8cd4dd63ff12df0749a5866bb06,184.70000457763672
2078fe5066350e7d220c0ad3a3bbc6c1,29.899999618530273
2089a6d640999f9b9141ac719b2af596,8830.819946289062
20a7efa9721046319bdde5d60b6b5365,501.200008392334
20a8b0dc55da94fe74d112082427c84f,407.40000915527344
20b54c376b794ed028df09a3cd88e8dc,1342.9499816894531
20cb7c2fde3e5bf10f0bbe7394e1c6a9,861.899980545044
20d53aad4fe5ee93a64f8839609d3586,51.900001525878906
20d83f3ef0e6925fd74bfd59170babf7,2903.6000747680664
20f0aeea30bc3b8c4420be8ced4226c0,14.899999618530273
20fd2d2080ed85fa67fad3fcbb2c1813,85.9000015258789
2138ccb85b11a4ec1e37afbd1c8eda1f,12357.030126571655
213b25e6f54661939f11710a6fddb871,15379.500030517578
213fafb0ca06fb3d5886579c2565791b,189.70000457763672
2156f2671501a81034d7d07f217609d0,2981.499969482422
217f005bb37ff3aeef5b2ae1788e75ba,74.96999931335449
218d46b86c1881d022bce9c68a7d4b15,55093.28005218506
218f991754f360af9c2daa5e0b8e990c,3554.3199005126953
2199e7fe213c16213bf5d6a7eadc9a5d,4078.289991378784
21c62b998a043ebe31161d38f84929fc,750.4900054931641
21d59342ba150175ca2aa4f8faddeca6,259.8999938964844
21e83881401b92b49fb09a16d3852291,3588.049934387207
2235cf78d3e2073a88146a9cb60f0dd0,178.99000549316406
226b05fe067266c59c15dae208213d06,1056.9000148773193
228e4c1a0be164f613d41c24345f9d2c,539.7000045776367
229c3efbfb0ea2058de4ccdfbc3d784a,15744
22a23e5ac7061fc538cc2a019afaaf16,95
22c32ec35d0116ef02c281798a25bf8b,119.58000183105469
2305ab43e846518f58dd9d59f3f54e96,788.8899841308594
232a6014e7b10cba61c6c2b2ea6bb4b0,3919.8700037002563
23613d49c3ac2bd302259e55c06c050c,4293.000057220459
236585a4ddb5fea9fa40233e2249ed91,649.5300064086914
2379bdc3888025689a9deb7b141507d5,999.4999952316284
238fac594e170b59c6d228f5a4f4f1d9,3126
23a0ffca143a15b9b5bbdb7d552f626a,3718.509983062744
23c38debaffe4a25a30fdbd9b586a13f,5382.179943084717
23ca5f678e0b3ea6c630b30fa8bf51ea,183
23d7c96d4a1160db1c726b248601b25a,11766.939847946167
23ff42c4bf1f8f16cddb19d8b972974a,174.7000026702881
240b9776d844d37535668549a396af32,13592.079856872559
244b04680fdbded0acf5aebd9c92b44a,3477.7000732421875
244c2f1bff6afe1f2eaf9bfe9b2aed38,2580
247587846358bb1d2e4c6522020b36fe,99
2493dc3f20131696a0ecdb9948051a8d,504.3800048828125
249f0e9905a6e06ad6c6bea7547ab9f6,347.9499969482422
24a6daf925d9d591870a66660416de31,60
24c1de8d9551c0b4fbc53317d53efda8,355
2528513dd95219a6013d4d05176e391a,32689.100004196167
2528744c5ef5d955adc318720a94d2e7,6245
252e76235acb79183cfca6e34f13337d,261.20000076293945
253c025bab43881055aeecde5e2d8b77,94.81999969482422
253f95b3a0e6983ae18aed49fbc2b845,799.4999847412109
257e61d3251fb5efb9daadddbc2cf7ca,7729
258447aad3f7b01e2643c89f64dc5647,51.900001525878906
259f7b5e6e482c230e5bfaa670b6bb8f,8526.040166854858
25be943a321c8938947bdaabca979a90,769
25c5c91f63607446a97b143d2d535d31,54679.219467163086
25cf099de44674fde97473224f9d59ab,1654.3600044250488
25debeafbce801fdd479539350185eee,302.8400020599365
25e47381a6c510ddeb36084e33b89f0c,1289.6000213623047
25e6ffe976bd75618accfe16cefcbd0d,11691.610012054443
262237171f48e85819065498cac80d7b,599.0000152587891
2646baaf662d4d92ac48f047e35db92d,1263.0500049591064
26562f211dd1364af2a8596dc945e8ae,99
265fdc289dffa9f1ad801c74f7d0de47,495
26785a546900236d66f2e4197c211158,1019.2000122070312
269c5fc9fcadee614364c3620c30a1f9,209.5999984741211
269cff2d3c8d205c11f37a52402ea93b,1281.5900115966797
26af45f5dfd967225a832838aa4e24a3,573.1000137329102
26b482dccfa29bd2e40703ba45523702,344.77999114990234
26bad72add1f86e08a776ce4ffdaf1ca,622
26d6bbee02420494d471c9f6436929c0,434.51000690460205
26d8a1c7c75d513045798992ead43aa2,8244.120052337646
26e13b6ff5b641b329e5524241ee2c93,119.69999885559082
26e2c91ef821e1ff8985f408788fe35b,1649.3999977111816
26e2e5033827d2ba53929f43e03d8ffe,139.49000549316406
26f6b7ab07be3e9e69ce82a6552efc19,54.79999923706055
270297ead4c65a6cd2593960d2af6b21,9422.40001296997
270572bb714b00531be85e16e1550f26,96.98999786376953
2709af9587499e95e803a6498a5a56e9,1279.559998512268
270d3ef21830ad0ecf3a6c53d08a533a,509
271b8923c6a549e02d3c9fd1f8c0422b,105.19000244140625
271c58a1d139c45eaf3316107c6d3a3b,3897.519973754883
272f092de69afedd4d2969440b37f18f,1935.3300170898438
2745f798279e0ed033addcc1474776d7,3668.5299968719482
276677b5d08786d5dce7c2149dcce48b,3522.0000133514404
278b6e0b20c4f61fefaa0577943d7a35,1078
27a56ff04b34c2ba34ce6ba4d3b9d616,349.29001235961914
282c7480173bb9c01dd41cc739fec010,4274.200126647949
282f23a9769b2690c5dda22e316f9941,6505.080018997192
28405831a29823802aa22c084cfd0649,245
28872dc528e978a639754bc8c2ce5a4c,1009.9000244140625
289cdb325fb7e7f891c38608bf9e0962,13544.950101852417
28a26ebce31d5918b181ede016fd693b,29.899999618530273
28c7d8743fbc8679f484868cc0fcaefb,201.5
28d162ab86bb49d719c32f0ee6186eaa,109.98999786376953
28ea411b354f14b1a494be4e79f0ce02,820
28f10b1c5e5abb9d4857745bede6147c,835
28fb0829fd777877cdc350d25cb5bd5b,499.5999984741211
293dee954235e4e4e43f129313625ebe,1778.919973373413
2953ce3a88f5e3c3b696d77fc9e4c8eb,470
296729ffb9b684050dd24836dac4494a,114
297d5eccd19fa9a83b2630071ff105e4,834.9699935913086
299c89a525fee36c567f4fe72f038100,658
29c322e3f09f886f8bacbe91dfbd979e,48.97999954223633
29e6e05b65f93bc224c644319dc52ecf,475.5999984741211
29fe9f200d3fa0c668d2aa1ec7e08dfb,400
2a1348e9addc1af5aaa619b1a3679d6b,2842.999993801117
2a167ca73899c85001a837d8fb4962f6,4097
2a261b5b644fa05f4f2700eb93544f2c,5355
2a50b7ee5aebecc6fd0ff9784a4747d6,199.8000030517578
2a5b78b41cd05baeac8df54c6606b92c,19025.36017227173
2a61c271b1ac763450d846849783e922,1516.7599849700928
2a6fbeaa7ab9e5d59a35841a8da71ce4,1632.790018081665
2a73cba571d90c694b7caca072ccf6ce,342.7799987792969
2a7c6c0b0d5efde2bf75ec1e1cec2d41,147.60000228881836
2a7dc43cecabf23403078e2188437d1d,4795.909950256348
2a84855fd20af891be03bc5924d2b453,15819.100105285645
2aa3443d7bf9d9bb11133f420d75e083,647.0000114440918
2aafae69bf4c41fbd94053d9413e87ee,94
2addf05f476d0637864454e93ba673d5,4552
2b03ac196f5ed62ac483960fe0fa3b65,843.0999870300293
2b1a40c1daabc6ca280c4b815c101841,12732.600082397461
2b2fed75b8e5ea3a052fc4c0825da485,510.9000015258789
2b3b9ce054da76a7428df143a567b156,301
2b3e4a2a3ea8e01938cabda2a3e5cc79,23629.14986038208
2b402d5dc42554061f8ea98d1916f148,299.8900146484375
2b5ed0c9139dae8883a200dfcb272ece,85.40999984741211
2ba91c7ad80ff88b23b7db823b43c233,740.4000015258789
2bd05d410a8fd26dc4184a15f4f2f588,1316.7299976348877
2bdb95a56a36ebbc6640337ac5eac174,89.9000015258789
2be17df1c49978426251562096c3cc09,2164.9999389648438
2bf28e311bba65237358230cabac3f15,294
2bf6a2c1e71bbd29a4ad64e6d3c3629f,50628.90026855469
2c00c85d30361cd2ced2969cffbbffa3,49.79999923706055
2c2c9832d1bb38c5b0034a3b47d313ee,49.900001525878906
2c3d56f92f360fb89d849b84e8f50eae,465.6000061035156
2c43fb513632d29b3b58df74816f1b06,858
2c4c47cb51acd5ea5db5e0ae0e26542a,2575.89998626709
2c538755f1ca9540af144f266e70df6c,334.989990234375
2c54051840f19eca309a5423cf22df36,23.700000762939453
2c9005d8043aff18b8557ffb7b13cda4,109.9000015258789
2c9e548be18521d1c43cde1c582c6de8,6109.440094470978
2cb4700db635baa1c0d4f90ed27b6669,199.8000030517578
2cb6eb1b7185064167657fa09f541105,1217.900016784668
2cb98e27ce1c18abdb42209b34c382a7,62.4900016784668
2d20f1cd18725c91147da0791d498022,99.80000305175781
2d22fc3089eb907b29ebff50581fb472,317.7000045776367
2d2322d842118867781fc737e96d59a1,176.40000176429749
2d2c62bef4c8ba0dd74e0e228e808539,3749
2d34636518ba88f5349b732fcf8ba2e4,150
2d378dbb39815785238c0139c7647fb7,1154
2d42ebcda99fd55f6f4bc2f1ca035d50,921.5
2d50d6282f8aa2257819a77bfaa0efe0,3353.480001449585
2d518637f53161b973e01f56ea4bb88e,1219.8899765014648
2d8cfba3fcd3170555941605edaa196a,45
2d9e8987a2ea5cf88dce330249043ff1,239.8000030517578
2dcf93836ae3ce0d7c93e2f10876467a,1443.7999801635742
2dd1fb6f0e42a2243b8a01e40cd41216,845.890007019043
2dee2ce60de9709b1a24083217181a1f,7784.49991607666
2e0dba2da448400b1c11d7b4b22f32a4,235.87000274658203
2e13c71026e1a39ba5cc1b86dcb679aa,3793
2e1a7d075abe038c1b2743005fe42ff1,1396.7000331878662
2e1c9f22be269ef4643f826c9e650a52,12687.680038452148
2e2f44824ab87a0cb961f68bf4073e7f,48
2e3be8a987a30d7544dbbda6861cc14e,4430.839954376221
2e7ea2aafec5835e781b21d6d1faf1f1,528.4000015258789
2e90cb1677d35cfe24eef47d441b7c87,13894.709971427917
2ea0861cc19e94cad86438c984c52da4,165.60000324249268
2eb70248d66e0e3ef83659f71b244378,42628.61015319824
2ec6e37d992a95eaddb3369dcbcc76d9,159.8000030517578
2ee0a0689f2f6a72f35a7cb6033f6e7e,272
2eeb6531ee027a48d401e72bebdd87d3,38.69999885559082
2ef086a599b597572aca4433b7ed6b3d,49
2f09f7d37a97956d11cc1a7cadd5262b,2005
2f1e7b90e01d9f086cbcb301c0c3d406,59
2f3d8b4c9e2ee165075331fea3f3095a,130
2f4b0d3b9634b647d4edee577d7ebb7e,337.9000129699707
2f4b9d112bfa44a214bc6cef085d17c8,293.98999977111816
2f73e04d12cdf0c945ded66bb3fcf6c7,1359
2f74af7a0ee5636f12c2336f9fffed47,560.7000179290771
2f9b7ce230a057a98a9f5df5893ee36c,141.82000160217285
2fa13c8bd5705d279f7ed5cc9ec61c68,87.39999961853027
2fb25ab44bdbeae6a4d816e0d0c9d500,683.0800018310547
2fdde51ad3e12f297da656d4fbd5d0b5,6252
2ff6b7bff164ef05590a52734e1296da,1803.5900039672852
2ff97219cb8622eaf3cd89b7d9c09824,4476.900043487549
3076499bbc033a927bf4a8a41bcf7fd4,359.33000564575195
3078096983cf766a32a06257648502d1,8285.420026779175
30829ded4523ab9224b93bc49a62c95f,6911.710006713867
3092c0b297aacfb4bb6e056ebe13b9b8,1623.8999786376953
30a2f535bb48308f991d0b9ad4a8c4bb,4731.300132751465
30a81d8cf85fb2ada1b1b094c9583a95,1245.4200134277344
30c7f28fd3a5897b2c82d152bb760c17,2178.270050048828
312ba1d77e9c332ef21f9598b7f64cd7,756
31344c16881c08a8a72c6d2eb29918c1,9615.699750900269
31561f325664a8a7aba4c8d0c3a9b3db,2702.1900424957275
318f287a62ab7ac10b703ac37435a231,2517.4799995422363
31ae0774c17fabd06ff707cc5bde005f,6719.8498611450195
31be790e64fc99f8ff48ec2bd18a3104,241.4000072479248
31da954dc0855f2495c6310f70a2f931,4583
31e60bf8d103ce47932a85f5562deb16,181
31eec405c9bb71dec8e2629a92e764fa,256.89000129699707
323ce52b5b81df2cd804b017b7f09aa7,2554.1999893188477
324583d68897f5ddbaf38f6248322176,84
325f3178fb58e2a9778334621eecdbf9,981.6999826431274
327b89b872c14d1c0be7235ef4871685,1177
3289d8c3eef4873f91ce0b1343c0dd58,199.99000549316406
328acb143b4a73aad6bee8e734f5d20d,699.97998046875
3296662b1331dea51e744505065ae889,517.7999877929688
32b8764b4ef628b53608fc34011fcc13,8884
32e5635e63cb374eb63afdd242fb6134,910
32f1bb9dfa65bc7df5c0d9d95a616be4,276.39000129699707
32f83ffe11cd40f7adcf4eef171f52d9,29.989999771118164
32fdd5d44ecb43dfd6a24b9369eca144,479.20001220703125
3338e7a0710a195872be80e0d2423867,45
333c4210e76a1aa2ab817b99437e3ff1,335
3340ef1913fb70d28420f6ceb685c339,6731.149869918823
334cab711dee080b079fa5779b584783,1069.7000279426575
33576ec5412fb5905d876f12f33bfde6,2718
3361277dc30b7cccdb0c286b24219756,3905.049997329712
3364a91ec4d56c98e44174de954b94f6,3579.939971923828
33a17d60c64393351ebf1ef860f4e0f2,8152.480010986328
33a6f4b1e7cdc205511e76ba1b6e0186,10295.009843826294
33ab10be054370c254ddfcf0a6253422,213.20000457763672
33ac3e28642ab8bda860a2f693000e78,3661.0300216674805
33c51922b6e3c16b24a8f28e5833c99d,6657.870010375977
33cbbec1e7e1044aaf11d152172c776f,730.6699905395508
33cbda8716511e27e556dff9d8418bf2,507.3999996185303
33d677f27a69b84051204ee4ae76eaca,164.99999618530273
33dd941c27854f7625b968cc6195a552,6787.5
33fd411ed63a7c2f9005e3f065d9f85d,24.899999618530273
34056b8b55c1775a22af2331670a799c,6455.4001121521
340636a908b13bbe0f4fb63fbe1d0c03,823.2000122070312
343e716476e3748b069f980efbaa294e,922.6000308990479
3442033154be05bac582e173ef54fd12,161
344223b2a90784f64136a8a5da012e7f,10.899999618530273
3442f8959a84dea7ee197c632cb2df15,218.69999408721924
34675b28b826facfde119785bf287dc1,21.989999771118164
3481aa57cd91f9f9d3fa1fa12d9a3bf7,1773.0300064086914
3492e68f37fd1df87f4f2f2ea247f445,787.8600234985352
34a557286ead8fe75c989e0afcf7d98c,414.9000015258789
34aefe746cd81b7f3b23253ea28bef39,8
34d1ca11b242c0fee2c834ae8d788566,13422.240278244019
34f563c82a85b99ae9e6d60db5fc2e28,2332.2999572753906
3504c0cb71d7fa48d967e0e4c94d59d9,2349.940055847168
35281d148dcf7134bae913c57db4e6da,119.98999786376953
353e21e8bf8de2722b4fae1636664b76,208
35857757f553273b1056c1cabdace7fb,454.6000061035156
3586b8580d9c917874e053a1bb37b5ff,1524.7000255584717
35b96509602ec4b7da831b5cd73ff2c2,558.8999938964844
35ef5aa32949680f627efec3c23e705c,361.6000003814697
35fb511489d9ee3ee27a76debce9df06,414.5
3606774ec64634822d78dc2db6d37045,299.7999954223633
365e445f796710c3431557e85caa25db,1115
365e4bce19bda0082c3d15d83fdb8bcd,796.3999900817871
36890be00bbfc1cdb9a4a38a6af05a69,1361.2999954223633
36a968b544695394e4e9d7572688598f,9482.870018959045
36f98ad67cc981f50ce8aed093d5783c,119.4000015258789
37303482a42fb700d8d127e70a9cd6c8,148.88999938964844
373ee4a3a775a733770ca3f790b8b9ac,2141.4900131225586
37515688008a7a40ac93e3b2e4ab203f,5986.59997177124
376a891762bbdecbc02b4b6adec3fdda,6406.22998046875
376d67b61dce0c990155286e7ae486a4,94
3771c85bac139d2344864ede5d9341e3,1433.3000259399414
377bc18334c78dd2f1535ef22a3ad225,135.97999572753906
3785b653b1b82de85ab47dd139938091,1552.0000305175781
37be5a7c751166fbc5f8ccba4119e043,55350.55010986328
37ceb404da208418c9032f0674e57804,204.92999267578125
37dd29b36c458d82f74a953c40c43645,4536.989990234375
38102b031c2a15e54623d711bfc753d3,457
381c83fdca332ea6afd896da20bf6e4a,7355.799995422363
3820c6537b3853be1a0687d5a60807ec,25
382229d1e840115ffe3dbf5ff460e417,4096.960010528564
385799a1cddbd26dfeb9157356a42282,633.9299850463867
38874e327ce94d11390b96eb42d61928,3779.939956665039
389e45560e33d2d0747f949dcddbc08e,39
38af8acfd46ac4a7bf754e8ca6736664,345
38e679b9e0064cd94c6f035707344dae,3694.5100116729736
38e6dada03429a47197d5d584d793b41,596.1399946212769
38f276ca6e7cc95a6d1bb55ac9e5550f,24.989999771118164
3903c788ded8dc03b5ebab37a2f3e9a1,119.97999954223633
391bbd13b6452244774beff1824006ed,127.80000305175781
391fc6631aebcf3004804e51b40bcf1e,39951.95027923584
392353362d22cc2c236e1ee81ff19890,288.69999980926514
392e0502231ae2f8b29994ef6398cd77,1871.7000198364258
392f7f2c797e4dc077e4311bde2ab8ce,52
3935fe5fe0f82787a9dcb8deb62be09d,1681.6899795532227
3968920b9aa752ab98f7d5888c9252f2,523.2999992370605
3969863bb8af7f72580b3b1ffd3a17b3,623.1500186920166
397c4d0c005b6f41f90098ac724e28cb,8177
3985a3c45be355a4c57fde108bfabd1c,344.200008392334
3986c0b54f6b748b75e7bd4e092aa3e5,24.989999771118164
398cb257329ef7af7f1943a8974a3cbc,145.89999389648438
39a5005f2605cbdb4f9ac14485cabfd1,501.06998443603516
39c763cca83e654764b7a4a650fb9b7c,761
39d54ff918774174706fb065d7f9dc07,1593.590000152588
39d61be7a92eb77b7da367bd4845bc0e,700.5900230407715
39f776d2974049026ff531fc42ef2a3e,1084.0400009155273
3a1a1fec38dd360f15fc912e821e169d,2007.380012512207
3a3c180dd702a725bd0ba4117689239e,41.900001525878906
3a3e46d10f74d8a6ca76e2b538f106a0,334.9000015258789
3a4127e1ba7208ea37044c5092aae170,2219.5999755859375
3a490ba60afa30ece0e7d50cfe74a4f0,1529.199951171875
3a52d63a8f9daf5a28f3626d7eb9bd28,35
3a734b715d333a2588a3d54a0c9b8746,2463.520004272461
3a79f35a2344ede41af21267f61d5ec6,186
3aa3c89ae3cd482385568be76120f63c,29.899999618530273
3ab971ce71839580d2ae5b4e40fe8044,5002.899963378906
3ac588cd562971392504a9e17130c40b,11.899999618530273
3ade81dab5a172b88e1871c28ae05260,5751.5999755859375
3afc536624bc2e65bddfb5db33cc01f3,312
3b15288545f8928d3e65a8f949a28291,14061.790016174316
3b18f9856c6eb2413eafedb58e9eecd9,315
3b872fd4747f01cc56206f2934198618,2726.740016937256
3bb32fedaa74e4ad20f4ce067733bd31,103.70000076293945
3bb548e3cb7f70f28e3f11ee9dce0e59,7690.020004272461
3bdff180c7e1f6551a643b99c265a120,3114.900016784668
3be5841cdcc46de4ed3f9116f104b2c5,599.5999755859375
3be634553519fb6536a03e1358e9fdc7,5370.950067520142
3bfad056cf05c00dabe2f895925d83b1,206.65000915527344
3bfba5a77604f6dfae7e6dd7aaf65821,2095.5000429153442
3c010235b7345c92f125d14ee232a76b,3578
3c03b12bab54d8b37d79d914bfdb1aa0,4236.339994430542
3c3017960b2dbd72711a61f0400aab8f,968.8000106811523
3c487ae8f8d7542beff5788e2e0aea83,9385.699798583984
3c4e0452bff7a2a788179488d3d77032,3746.4000244140625
3c7c4a49ec3c6550809089c6a2ca9370,4033.639991760254
3c88ed2e76a2247933a15daa7161eb1c,155
3ca08eeb8d5595949fed424bd3677742,1768.8699684143066
3cfa1358a6caa965278721344c8d76f2,3140.279972076416
3d01d1c414c44b5943a09619ff3853cb,402.6000061035156
3d0cd21d41671c46f82cd11176bf7277,447.8000144958496
3d2400ac620cffa23ac81bd192f7f555,105
3d2531eccfbde1d7c8db7a3a12fb267a,1999.5399627685547
3d290fe363c60a77498c1126fd3fb8d3,198.97999954223633
3d39fbf22a665714baf62fae36029e23,2504.200019836426
3d3ccf2b2f8134b10dce9dd446f0e075,608.5999908447266
3d4824f20035949c710eaf111f869d39,1041.0400004386902
3d49bfdd1b43a7fe169b3740067acc61,215
3d4b1ae7539303b5704493798893e82c,1076
3d5d0dc7073a299e31fa718ce1bc00b6,790.6999969482422
3d621842b2ed28e2b474132480edac3c,928.909990310669
3d62f86afa7c73be2628a3be1423f5a0,12
3d68c634a99a1ba46dbca3967a69c623,594
3d700782d7818f2c1e0d7a9e9d75fc00,149.70000457763672
3d871de0142ce09b7081e2b9d1733cb1,94914.20007896423
3d8fa2f5b647373c8620330c4e077a9f,3571.729955673218
3da38366e7bd9baf6369071f782ecdf0,59.470001220703125
3db66a856d18a9cba7c9241fc5221c50,9478.299995422363
3dbbce181edfaa4a597ec858c382d2ec,848.300012588501
3dc69bf2c42f0568a5c4791ec3fd3745,300
3ded4e2d5f135cb103e5949d7263d2dd,49.900001525878906
3df020b72d3d44b3af9d110fa3940b65,5039.9001541137695
3dfd3dc96f7f8598eca74e9ac8a2fa31,183
3e35a8bb43569389d3cebef0ce820f69,55.79999923706055
3e46a38ee171c503c3b4a3f23fe3bf0c,59.900001525878906
3e51f9cbe317bc3a88f2c76583811ee4,76.08999633789062
3e8bd881d92466e63ba9e3e809cd3c50,2242.2799758911133
3ea00e1dea2b0659dbaf654735929220,505
3ea08c48e851106d2f584349daba335f,170
3ef37b7ca6dd2b80bd8af81a62504996,700
3f0e48d209018b466fcd3bb4ccfeb520,5399.000061035156
3f2af2670e104d1bcb54022274daeac5,973.6000061035156
3f3486b61f45078d4f31ee5e43d8c5bb,3829.730052947998
3f8034bfc6b8b4135534975d49f04c63,1313.900001525879
3f8247d0f772ffa58560e5c682521ad5,139.89999389648438
3f84fefc07dc159b268d4a77d3e8c425,200.60000228881836
3f995f07c49d0d55a99d5c54957f7d81,3955.7000045776367
3f9be91358837bff69df67edfa3e42e8,569.6999816894531
3f9c56764fabca627406093dcb3ef0b4,909.2999572753906
3fac58ce0ad699020c7944d53c41329c,1244.949987411499
3fadb4cba4c35bce6a7eaf9872d5623a,209.50000762939453
3faf68a3b0af94b10bac70d86077be49,1322.9300384521484
3fd1e727ba94cfe122d165e176ce7967,2805.200044631958
3fe7120d6257285ac6a3ce7cb071ccec,199.97999572753906
3febca52652e7209509ccfe61cbde40e,84
3fefda3299e6dfaea3466ef346a3571a,209
4003520d80d0bad1d5623f7aa3c63cda,70
400f221ab83037c0ea78f1267da9624d,865
402916f742e5c740cc751493d9cf5053,1252
403aa86912527d730337ffcb0fb096ab,8959.889907836914
4049512728d969bec69f84088b012416,389.8399963378906
404e1ba01358af4cd63f679b2c4d1fa1,373.899995803833
40536e7ca18e1bce252828e5876466cc,463.9599914550781
406740ee611378a662d274c7d8c43c4a,1790
406822777a0b9eb5c50e442dd4cd3ec5,3648.080011367798
4091f77d8c768fc3e81c20761471761d,1079
40d54b51e962dbe09cabbcfd33298dee,6785.559978485107
40db9e9aa57f7bb151bcda6b0f9bdbb7,23168
40ec8ab6cdafbcc4f544da38c67da39a,117.80000305175781
411f3b52d857390502ee4e4d5ceabc2d,1804.0099792480469
4125d9385a25e82d2f72d3a0fd55bc3f,42.900001525878906
412a4720f3e9431b4afa1476a1acddbe,2058.1000003814697
4170f6a9367e6b5d6401d03ce6d54569,568.7799987792969
417a1e6c7321084d2a0ae0d023cfad93,48.900001525878906
41958cbd3335433c8740300e8cd600d5,32.9900016784668
41ab63a91b8b264e8c8780368bf1dd5b,2571.949996948242
41b14765bd56c8ad10971074380f9c0c,395.5
41b39e28db005d9731d9d485a83b4c38,17112.549882888794
41b86b552e54e3a7009596125aa8b167,1595.2999877929688
41c2bad7229b0c25e6becf179ebf63ff,782
41c9d3997dd3c072c31139dc5bb5761f,998.7999877929688
41da412d33e8da4f22baf55cb1bde82c,862.8999977111816
41e0fa5761c886a630994a55c12087e7,423.5999984741211
4200ddf1967c5e41e48db62bc6d4b5ac,734.7999858856201
4221a7df464f1fe2955934e30ff3a5a1,849.4999694824219
422be4cc81a457fdb46f47edeb968ae5,239.89999389648438
427165bf50f8ca07efc7bdc2bfcf1688,1603.5
42b6488f5b8246d9141712abd4b1b693,247.99000549316406
42b729f859728f5079499127a9c2ef37,4118.86004447937
42bde9fef835393bb8a8849cb6b7f245,7703
42d4b7e70819438f5ada61c965e92d7e,49.60000038146973
42ef3192a9ff87a22d1867b74b3ee205,1354.0899925231934
42fa4ee7240e9b8eb4576358ec142ba7,3845.7000045776367
42fb44130ac3134cde8e35cf8ec7df25,62.69999885559082
430315b7bb4b6e4b3c978f9dfa9b0558,3118.3999996185303
4305fe92735c8a43d154ff6dd2b8d927,2885.8998832702637
431050a06a317f2b38168dec3dcd2b46,1487.7999877929688
431af27f296bc6519d890aa5a05fdb11,13109.499938964844
4324dd16853115efb0fd9d0d131ba6f4,1052.249994277954
432c37c9dfba871172ec162e20118b8c,2968.8700046539307
432c67955c0acd1fd6b0b5d678766a71,1151
43402bdf22aa2310e8f99e2f94f78628,649.9500045776367
4342d4b2ba6b161468c63a7e7cfce593,2867.099884033203
436bf27f2f18474fc6047702e9f8a866,29.899999618530273
4371b634e0efc0e22b09b52907d9d469,8194
43753b27d77860f1654aa72e251a7878,23.899999618530273
4391ea5c5990502176a1dcda44a2373d,2349
439a47cc365d6e3bd526812ea9de3c29,1186.5
43a1d4bab73b816e44ef4e4facd9f9b5,189.89999389648438
43a5d4a57af536fddc96d08be3afdfcb,75
43b2c864251aa0ce4030c746984e088a,94.80000305175781
43f8c9950d11ecd03a0304a49e010da6,4249.590007781982
44073f8b7e41514de3b7815dd0237f4f,18729.639961242676
440dd6ab244315c632130ecfb63827b1,13696.89974975586
443d880f15cbd3572885e1d44bf2c478,94.80000305175781
4450bd8327d471c4a11a83d1445b1b62,199
446cc09cdbb130904da114e807dbec40,252.79999923706055
44717f64ec2a457979cf83c429077666,107
447d377bdb757058acb569025ee18a93,64.98999786376953
44ed138eca6214d572ce1d813fb0049b,129.7900047302246
44f091b5abab8018f682fce8124b85e5,1680.1000061035156
45213867cefbf2cd4c6177e10216a951,4955.420013427734
4559697a8f7e637227c2eeaed843baff,3696.000030517578
455befea1bb853c75ccbca94cff26e5c,19.989999771118164
455c5640e8c5bd1b2ee85c0158f85727,6729.500030517578
455f46ef09a9e45667e2981df84b5cc2,59.79999923706055
457fe919b032a3f7dadba6fb92cf7855,1104.8899822235107
458c6fa920810ce2492da71bc26d9eec,756.760009765625
458d868c9642f55f18f04e951a3fdde6,2718
45a3d05fb00435e52a28859dd03703b3,1299
45ba18c210d42734ec52c0c1c574e9ee,5589.129987716675
45c20d94d9171b0bcfab3c955e47d67b,129.45999908447266
45d33f715e24d15a6ccf5c17b3a23e3c,4838.229962348938
461ff5303b6c9c1a4a07f40c5aece516,102.70000457763672
466222e777149751370e7e98fb623b0c,87.9000015258789
4677a5437afda5fa7140b927b07be1cc,3415.7000045776367
46dc3b2cc0980fb8ec44634e21d2718e,128111.18849182129
46ef1a25845fc051c2998d878354810c,250.4099998474121
4736e9d642ef4257cd7622516931eb51,1078.8700122833252
47648caee88ccfe951fbb27fbf7b4cbe,1564.989990234375
478bfe564db21eeb44386606aa30b650,182.7000026702881
47efca563408aae19bb7206c2d969ea9,2522
47f55702f598c7c6cc8458b0fbc1c49a,127.5
48162d548f5b1b11b9d29d1e01f75a61,20510.13984489441
4830e40640734fc1c52cd21127c341d4,9843.4700756073
48328ec9a579151d9cc6a86d4a59336c,1099
483ca627d131e18f988349b1655c0acd,264
48436dade18ac8b2bce089ec2a041202,12271.709953308105
485452467ff670447e84a8370c3fc898,175.7000026702881
4867209cb29b56b92893d7bde3ce8012,150
4869f7a5dfa277a7dca6462dcf3b52b2,229472.6283493042
48985c61529077fa4f1e38bcff0f2ed3,879.2999649047852
48b6c3f4c6a93171da04b75313f2130f,290.260009765625
48bad451945f5227341793478d6353ea,307
48e5ee06fb2dc74df1c711a9b6dfac2a,57
48e954b2da4f6a750c844173b347ed40,397.799991607666
48efc9d94a9834137efd9ea76b065a38,345.5999894142151
48fb026ed7455a42f5d3e9390ed5088e,555.7100028991699
49067458c68f7701fd334ce326accbe0,1047.6500282287598
4917cee8d902e13428c3ec4b1ca6f315,5421.899993896484
491a5ada3aa1678414e990262c4bbdc1,2840
49383af7ab774e4e8f3000f49c83dc4b,660
4965a7002cca77301c82d3f91b82e1a9,8.489999771118164
497709c2976a8fa308730a2dec5b0726,76
4978a02ea9c8be7a9b5480680f40334e,2356.6100006103516
499185655c29ecfdbfe776ef7cf875b5,89
4992e76a42cb3aad7a7047e0d3d7e729,2211.1000061035156
499ec63c58e51296c9cf57edcfe1c8a8,365
49cdc90518a4f82676b38b3c1aa43ff6,1539.4999771118164
49e7217cfe4e427191c378ec626d8737,3002.699996948242
49f8d2ea7b718d0ce587d34207caf2b4,149.89999389648438
4a1917ef994878940e1fb03eeb787ad7,768
4a1f694197d05fe70026b016a7316b41,907.7700309753418
4a23adac87cf538689fa600d976f78b2,405
4a3ca9315b744ce9f8e9374361493884,200472.921459198
4a3ccda38b2129705f3fb522db62ca31,17062.589782714844
4a5b36211b1f51bf7eaa5c10a57fa483,139.19000244140625
4a82168aaef173cbb6e46ae88728f919,512
4a82c4af97ffc0fb2dc26bfdc03b1842,143.70000076293945
4aba391bc3b88717ce08eb11e44937b2,7595.870010375977
4aba6a02a788d3ec81c03137144d9a80,89.9000015258789
4b0fdb526525f9890eb145bf1534640e,2418.999969482422
4b1eaadf791bdbbad8c4a35b65236d52,1849.789966583252
4b39558c138930b9e5489c93b6df5fe3,1096.6999816894531
4b5f66b7adcf57f1ecc0d3c07dd6b177,6381.780029296875
4b90495391ac0bd181a80a459df1e718,248
4b9750c8ad28220fe6702d4ecb7c898f,15915.29988861084
4b98b0428fc1932cc2514ef9ce2505e6,327.6300048828125
4ba52dfeba874da5b9ee7b17c7494f04,1463
4bc3d93e4a5f88a598d3d8ce4ae510b3,169
4bcec44888b30ba9001234c534716d3f,146
4bde6149c15cf7e177b36fa060dd6de8,159.8000030517578
4be2e7f96b4fd749d52dff41f80e39dd,267
4be6b962d83299498bae2190f95d6566,508.80001068115234
4be9ae93c4fc0f41713d71a4194ee1b3,109.9000015258789
4bf2f4ee540798a61f9636d12cd9cc80,4995.559997558594
4bf658053d453036c70976bccb2c31b2,1742.989990234375
4bfc7a4a1cf8d4d2121c27422d9e50b5,8124.4000244140625
4c03b9dd4c11ee2cb35c96c49efc9420,6458.599952697754
4c18691b6037662be2df78a765d98ab5,3195.5199966430664
4c1c7281388a33dd06daac44f9fadbd1,188.31999588012695
4c2b230173bb36f9b240f2b8ac11786e,14592.270387649536
4c498c7345e89aebad651544829beca0,4819.760051727295
4c4d546adf3c3868fe19c9ec6e9ffda9,111.70000076293945
4c60877808f4318ef1107fbeb8f89afa,118
4c61e37f664c3c88aff092aa5ac779d7,788.3100204467773
4c8545742faaf58fafd5fd14d25d75cf,3020
4c8b8048e33af2bf94f2eb547746a916,2020.7300186157227
4cc43a222a0f94910728b62b97a8c5f8,108.5
4cc4fd4fdd406a85bbdc1f824b731bd7,539.97998046875
4ce6e5f6c52515177e18c1c9361d8677,226.60000610351562
4ce8b55b4bfa4659184e7becc1fba3f2,199
4cf490a58259286ada5ba8525ba9e84a,1254.199966430664
4d0041cdbe51b4617d95c70b19decc74,5235.200057983398
4d232b78ab7ef10393dc3807d827bc0d,1475
4d600e08ecbe08258c79e536c5a42fee,4465.339935302734
4d6d651bd7684af3fffabd5f08d12e5a,43587.39994812012
4d6fb82c629c7a5028bfd973c07b05e0,278
4d8809767a5bafe22909c77951fb6b41,50
4d9fea3499bdc22aa4da4e339365f215,192.54000091552734
4da0e408c99d2fdc2126dc9fce518060,3026.000027656555
4dab98ca6cd6d3df586203cefd28a042,154.89999389648438
4dbd95a08b31ede5c82d3f861cb1ce1a,1304.6700286865234
4dc2e811a1760953cb7c6a590b498943,175
4dc646b9b9e8e411ef48ba000ea3ac6f,289.70000076293945
4ddeb3e828550cddc8d45c8bc36ab2d1,152
4de6e4ba574aa9dfdc824bc44dc47fdd,451.1000061035156
4deebb3199eeafb282ae33229144f94b,779.6999893188477
4e06067cc08b3f41d837768d392c3ee3,941.720006942749
4e0d109ccfba9a1151c103049880c857,279.8899917602539
4e17c65a516f69d023a2ae78b84f28d6,7639.260036468506
4e2627090e6e5b9fabba883a37897683,199.50000762939453
4e326052e5dbba8adcd512f3450a307e,570
4e42581f08e8cfc7c090f930bac4552a,336
4e480be820e37de1444325ff358c9296,430.29998779296875
4e5725ba188db8252977a4f0227bd462,1930.5900020599365
4e6015589b781adaa5ce7f1892d06bb1,684
4e7c18b98d84e05cbae3ff0ff03846c2,9177.899963378906
4e85b538b0dad58852641540686d0e14,361.97999382019043
4e8dacf3d38f281ae26c3e0321d92d88,2644.949956893921
4e922959ae960d389249c378d1c939f5,46030.37001609802
4e92348462c75b6c842b994ce84a0ed4,69.9000015258789
4ea2f12dbe91deeacd2c1e74f069a6e6,210.20000457763672
4eb61f060e7dcc1d5a80d806c35cc541,1313
4ebdc7e6cd6102a022dadc49156d4ea8,928.7000045776367
4eeb99008a0f59d2c7759c59f9a346eb,1282
4ef4c39cf3c24f326434cf0b2e48046a,891
4f0d637c1197fd65405ebd755ac9f86b,199.8000030517578
4f1f1c8666cdb6442f775c4e8caed465,944.97998046875
4f40d2ed38d1cc945364a7cd202a82c7,319.8999938964844
4fae87d32467e18eb46e4a76a0a0b9ce,100.9000015258789
4fb41dff7c50136976d1a5cf004a42e2,1230
4fe2f67634d00c021aa01f96b6f2d68e,86.80000114440918
5011f0d93373a4c5753adf58ca77af8d,1009.4200267791748
503c1de08ae81a2d86f17951b204db55,4906.990005493164
5058e8c1e82653974541e83690655b4a,10022.82006263733
5075aaa8404020ae6aa8bf4792099b41,1822.800012588501
50770d25768b0486d89be26afca3108f,171.77000045776367
508808d438fe2ff972ed13bb8f4a82e2,294.83000659942627
50a7e551a7b3f8d37cd6e32d8bfbe5ea,140
50bf89f1349bc0409a268c3a49678009,179.89999389648438
50c361bcf670d16f6df4d52de3dff924,35
50c9975695009e5e6473912e83a6d1da,3964.3999919891357
51209b446b2073894bdc0face6c73ffc,359.6000061035156
512d298ac2a96d1931b6bd30aa21f61d,7401.940189361572
513a54369b6a8a6602fcb0e129c6d78d,47.79999923706055
5145090ab595c0d0b8557199f5701fbf,1459.6000061035156
5151aea44289d6c6b090ee31c2132508,1315.2999572753906
515d781150feed28a6ac091bb0e3cb8c,1002.3500213623047
5160d23075764e18e07c1f4a87fad743,2429
516e7738bd8f735ac19a010ee5450d8d,6643.0900230407715
51702dc2a3e106c76dbff722b5bf0726,2705.0999450683594
5194c22ed1f616ec0c0f33c571542879,245.59999656677246
519a7aa428f18d125a283cf8c014fdd6,79.69999885559082
51a04a8a6bdcb23deccc82b0b80742cf,167.99000549316406
51e0557bc7b86de13e946c60ee91ce39,45.79999923706055
51e4e89242cbb846c2deff3dc015650e,822.5800075531006
51ed72984a04e5dd35c2b27e77179038,1294.2999649047852
51f108f62cb87d61918159902c8f8583,303.73000717163086
5206cc4bc2297c833e6061c49bf9c43f,35
52092ddbd3a58c450a4459bf051b2287,351.70000076293945
520b493b57809f446cb0a233bb3e25c7,3698.900005340576
522620dcb18a6b31cd7bdf73665113a9,57168.49009037018
5236605f4d4b0b3e4df85b850393fca0,265.2999954223633
52454f90d4c30c016768db02f88c1a74,80.49999809265137
52562a9f449c3dc3d53f5f5b9ed74903,3266.6001052856445
525e75a6fb1454a2325ab1734bcec221,657.0700206756592
5275ca25d0358ca73864e0ae41be1320,409.6000061035156
527801b552d0077ffd170872eb49683b,17942.800466537476
52831e5990d0771cb4951d6f12928167,65
528bcf6680c36dddf07620bd35b33a6f,969.97998046875
528ce32f560edd11add4169f6a5b65be,59.79999923706055
52956b80ae65fda598f06f6b9943e7a9,792
